epoch,rss_kb,requests,failures
1790010650,3229008,1,0
1790010710,3232272,14,0
1790010770,3232320,27,0
1790010836,3232336,38,0
1790010901,3232336,48,0
1790010964,3232336,58,0
1790011025,3181552,67,0
1790011088,3181552,76,0
1790011154,3181552,86,0
1790011218,3181552,96,0
1790011278,3181552,105,0
1790011341,3181552,114,0
1790011405,3181552,123,0
1790011471,3181552,132,0
1790011535,3181472,140,0
1790011598,3181472,148,0
1790011664,3181568,156,0
1790011725,3181568,161,0
1790011792,3181568,167,0
1790011861,3181568,174,0
1790011924,3181568,180,0
1790011986,3181568,186,0
1790012050,3181568,192,0
1790012110,3181568,198,0
1790012171,3181568,204,0
1790012233,3181568,210,0
1790012296,3181568,216,0
1790012356,3181568,222,0
1790012420,3181584,228,0
1790012480,3181568,234,0
1790012542,3181568,240,0
1790012606,3181568,246,0
1790012667,3181520,252,0
1790012733,3181520,258,0
1790012795,3181520,264,0
1790012860,3181536,270,0
1790012924,3181520,276,0
1790012985,3181520,282,0
1790013046,3181520,288,0
1790013115,3181520,295,0
1790013180,3181520,302,0
1790013241,3181520,308,0
1790013308,3181520,315,0
1790013376,3181520,322,0
1790013439,3181504,328,0
1790013500,3181504,334,0
1790013565,3181504,344,0
1790013626,3171328,351,0
1790013693,3133840,358,0
1790013756,3133840,366,0
1790013816,3133840,374,0
1790013882,3133840,383,0
1790013942,3133744,391,0
1790014003,3133744,399,0
1790014066,3133744,407,0
1790014128,3133744,415,0
1790014188,3133744,423,0
1790014254,3133744,432,0
1790014317,3133024,440,0
1790014378,3133024,448,0
1790014440,3133024,456,0
1790014507,3133024,465,0
1790014567,3133024,473,0
1790014633,3133024,482,0
1790014696,3133024,490,0
1790014757,3133024,498,0
1790014819,3133024,506,0
1790014880,3133024,514,0
1790014945,3133024,523,0
1790015011,3133024,533,0
1790015077,3133024,543,0
1790015143,3133024,553,0
1790015203,3133024,562,0
1790015263,3133024,571,0
1790015323,3133024,580,0
1790015388,3133024,590,0
1790015449,3133024,599,0
1790015514,3133024,609,0
1790015580,3133024,619,0
1790015646,3133024,629,0
1790015711,3133024,639,0
1790015777,3133024,649,0
1790015837,3133024,658,0
1790015897,3133024,667,0
1790015957,3133024,676,0
1790016017,3133024,685,0
1790016081,3133024,695,0
1790016146,3133024,705,0
1790016212,3133024,715,0
1790016277,3133024,725,0
1790016342,3133024,735,0
1790016407,3133024,745,0
1790016472,3133024,755,0
1790016536,3133024,765,0
1790016601,3133024,775,0
1790016665,3133024,785,0
1790016730,3133024,795,0
1790016794,3133024,805,0
1790016854,3133024,814,0
1790016920,3133024,824,0
1790016985,3133024,834,0
1790017046,3132976,843,0
1790017112,3132976,853,0
1790017177,3132976,863,0
1790017242,3132976,873,0
1790017307,3132976,883,0
1790017373,3132976,893,0
1790017439,3132976,903,0
1790017505,3132976,913,0
1790017569,3132960,923,0
1790017635,3132960,933,0
1790017700,3132960,943,0
1790017765,3132960,953,0
1790017830,3132864,963,0
1790017896,3132736,973,0
1790017961,3132608,983,0
1790018027,3132512,993,0
1790018092,3132448,1003,0
1790018157,3132448,1013,0
1790018222,3132384,1023,0
1790018288,3132384,1033,0
1790018353,3132384,1043,0
1790018417,3132384,1053,0
1790018481,3132384,1063,0
1790018546,3132384,1073,0
1790018611,3132384,1083,0
1790018676,3132384,1093,0
1790018741,3132384,1103,0
1790018806,3132384,1113,0
1790018871,3132384,1123,0
1790018937,3132384,1133,0
1790019002,3132384,1143,0
1790019066,3132384,1153,0
1790019131,3132384,1163,0
1790019196,3132384,1173,0
1790019262,3132384,1183,0
1790019326,3132384,1193,0
1790019391,3132384,1203,0
1790019456,3132384,1213,0
1790019521,3132384,1223,0
1790019586,3132384,1233,0
1790019652,3132384,1243,0
1790019717,3132384,1253,0
1790019782,3132400,1263,0
1790019849,3132400,1273,0
1790019914,3132400,1283,0
1790019978,3132400,1293,0
1790020044,3132400,1303,0
1790020109,3132400,1313,0
1790020173,3132400,1323,0
1790020237,3132400,1333,0
1790020302,3132400,1343,0
1790020366,3132400,1353,0
1790020430,3132400,1363,0
1790020495,3132400,1373,0
1790020558,3132400,1383,0
1790020623,3132400,1393,0
1790020688,3132400,1403,0
1790020752,3132400,1413,0
1790020816,3132400,1423,0
1790020880,3132400,1433,0
1790020945,3132400,1443,0
1790021009,3132400,1453,0
1790021075,3132400,1463,0
1790021139,3132400,1473,0
1790021204,3132400,1483,0
1790021268,3132400,1493,0
1790021333,3132400,1503,0
1790021398,3132400,1513,0
1790021462,3132400,1523,0
1790021527,3132400,1533,0
1790021592,3132400,1543,0
1790021658,3132400,1553,0
1790021723,3132400,1563,0
1790021789,3132400,1573,0
1790021855,3132400,1583,0
1790021921,3132400,1593,0
1790021985,3132400,1603,0
1790022050,3132400,1613,0
1790022114,3132400,1623,0
1790022178,3132400,1633,0
1790022244,3132400,1643,0
1790022308,3132400,1653,0
1790022373,3132400,1663,0
1790022438,3132400,1673,0
1790022504,3132400,1683,0
1790022568,3132400,1693,0
1790022633,3132400,1703,0
1790022697,3132400,1713,0
1790022761,3132400,1723,0
1790022826,3132400,1733,0
1790022891,3132400,1743,0
1790022954,3132400,1753,0
1790023019,3132400,1763,0
1790023084,3132400,1773,0
1790023148,3132400,1783,0
1790023212,3132400,1793,0
1790023276,3132400,1803,0
1790023340,3132400,1813,0
1790023405,3132400,1823,0
1790023470,3132400,1833,0
1790023535,3132400,1843,0
1790023600,3132400,1853,0
1790023664,3132400,1863,0
1790023728,3132400,1873,0
1790023792,3132400,1883,0
1790023856,3132400,1893,0
1790023921,3132400,1903,0
1790023984,3132400,1913,0
1790024049,3132400,1923,0
1790024113,3132400,1933,0
1790024177,3132400,1943,0
1790024241,3132400,1953,0
1790024305,3132400,1963,0
1790024368,3132400,1973,0
1790024431,3132400,1983,0
1790024494,3132400,1993,0
1790024558,3132400,2003,0
1790024622,3132400,2013,0
1790024686,3132400,2023,0
1790024750,3132400,2033,0
1790024814,3132400,2043,0
1790024879,3132400,2051,0
1790024942,3132400,2060,0
1790025007,3132400,2070,0
1790025067,3132400,2079,0
1790025134,3132400,2089,0
1790025200,3132400,2099,0
1790025266,3132400,2109,0
1790025331,3132400,2119,0
1790025397,3132400,2129,0
1790025463,3132400,2139,0
1790025527,3132400,2149,0
1790025590,3132400,2159,0
1790025654,3132400,2169,0
1790025718,3132400,2179,0
1790025782,3132400,2189,0
1790025846,3132400,2199,0
1790025911,3132400,2209,0
1790025975,3132400,2219,0
1790026039,3132400,2229,0
1790026104,3132400,2239,0
1790026168,3132400,2249,0
1790026231,3132400,2259,0
1790026294,3132400,2269,0
1790026357,3132400,2279,0
1790026420,3132400,2289,0
1790026484,3132400,2299,0
1790026547,3132400,2309,0
1790026607,3132400,2318,0
1790026671,3132400,2327,0
1790026733,3132400,2336,0
1790026794,3132400,2345,0
1790026854,3132400,2354,0
1790026915,3132400,2363,0
1790026975,3132400,2372,0
1790027036,3132400,2381,0
1790027098,3132400,2390,0
1790027158,3132400,2399,0
1790027219,3132400,2408,0
1790027281,3132400,2417,0
1790027343,3132400,2426,0
1790027404,3132400,2435,0
1790027466,3132400,2444,0
1790027526,3132400,2452,0
1790027588,3132400,2460,0
1790027653,3132400,2469,0
1790027716,3132400,2478,0
1790027778,3132400,2487,0
1790027841,3132400,2496,0
1790027903,3132400,2505,0
1790027964,3132400,2514,0
1790028025,3132400,2523,0
1790028086,3132400,2532,0
1790028148,3132400,2541,0
1790028210,3132400,2550,0
1790028272,3132400,2559,0
1790028333,3132400,2568,0
1790028394,3132400,2577,0
1790028455,3132400,2586,0
1790028516,3132400,2595,0
1790028582,3132400,2605,0
1790028647,3132400,2615,0
1790028708,3132400,2624,0
1790028774,3132400,2634,0
1790028834,3132400,2643,0
1790028894,3132400,2652,0
1790028958,3132400,2662,0
1790029019,3132400,2671,0
1790029085,3132400,2681,0
1790029145,3132400,2690,0
1790029210,3132400,2700,0
1790029275,3132400,2710,0
1790029341,3132400,2720,0
1790029406,3132400,2730,0
1790029471,3132400,2740,0
1790029536,3132400,2750,0
1790029600,3132400,2760,0
1790029660,3132400,2769,0
1790029724,3132400,2779,0
1790029789,3132400,2789,0
1790029853,3132400,2799,0
1790029917,3132400,2809,0
1790029982,3132400,2819,0
1790030048,3132400,2829,0
1790030112,3132400,2839,0
1790030176,3132400,2849,0
1790030240,3132400,2859,0
1790030305,3132400,2869,0
1790030369,3132400,2879,0
1790030433,3132400,2889,0
1790030497,3132400,2899,0
1790030562,3132400,2909,0
1790030626,3132400,2919,0
1790030691,3132400,2929,0
1790030755,3132400,2939,0
1790030819,3132400,2949,0
1790030884,3132400,2959,0
1790030948,3132400,2969,0
1790031012,3132400,2979,0
1790031076,3132400,2989,0
1790031140,3132400,2999,0
1790031204,3132400,3009,0
1790031268,3132400,3019,0
1790031332,3132400,3029,0
1790031396,3132400,3039,0
1790031460,3132400,3049,0
1790031524,3132400,3059,0
1790031588,3132400,3069,0
1790031651,3132400,3079,0
1790031715,3132400,3089,0
1790031778,3132400,3099,0
1790031843,3132400,3109,0
1790031907,3132400,3119,0
1790031970,3132400,3129,0
1790032034,3132400,3139,0
1790032098,3132400,3149,0
1790032161,3132400,3159,0
1790032224,3132400,3169,0
1790032287,3132400,3179,0
1790032351,3132400,3189,0
1790032414,3132400,3199,0
1790032478,3132400,3209,0
1790032543,3132400,3219,0
1790032606,3132400,3229,0
1790032668,3132400,3239,0
1790032732,3132400,3249,0
1790032795,3132400,3259,0
1790032859,3132400,3269,0
1790032923,3132400,3279,0
1790032986,3132400,3289,0
1790033050,3132400,3299,0
1790033114,3132400,3309,0
1790033177,3132400,3319,0
1790033241,3132400,3329,0
1790033305,3132400,3339,0
1790033368,3132400,3349,0
1790033430,3132400,3359,0
1790033493,3132400,3369,0
1790033557,3132400,3379,0
1790033620,3132400,3389,0
1790033683,3132400,3399,0
1790033746,3132400,3409,0
1790033809,3132400,3419,0
1790033873,3132400,3429,0
1790033935,3132400,3439,0
1790033998,3132400,3449,0
1790034061,3132400,3459,0
1790034124,3132400,3469,0
1790034187,3132400,3479,0
1790034251,3132400,3489,0
1790034313,3132400,3499,0
1790034376,3132400,3509,0
1790034439,3132400,3519,0
1790034503,3132400,3529,0
1790034566,3132400,3539,0
1790034629,3132400,3549,0
1790034691,3132400,3559,0
1790034754,3132400,3569,0
1790034818,3132400,3579,0
1790034882,3132400,3589,0
1790034944,3132400,3599,0
1790035008,3132400,3609,0
1790035071,3132400,3619,0
1790035134,3132400,3629,0
1790035197,3132400,3639,0
1790035260,3132528,3649,0
1790035323,3132528,3659,0
1790035385,3132528,3669,0
1790035448,3132528,3679,0
1790035510,3132528,3689,0
1790035573,3132528,3699,0
1790035637,3132528,3709,0
1790035698,3132528,3719,0
1790035760,3132528,3729,0
1790035822,3132528,3739,0
1790035884,3132528,3749,0
1790035946,3132528,3759,0
1790036009,3130640,3769,0
1790036072,3130640,3779,0
1790036135,3130640,3789,0
1790036198,3130640,3799,0
1790036260,3130640,3809,0
1790036322,3130640,3819,0
1790036384,3130640,3829,0
1790036449,3130640,3839,0
1790036512,3130640,3849,0
1790036574,3130640,3859,0
1790036638,3130640,3869,0
1790036701,3130640,3879,0
1790036764,3130640,3889,0
1790036828,3130640,3899,0
1790036891,3130640,3909,0
1790036953,3130640,3919,0
1790037016,3130640,3929,0
1790037079,3130640,3939,0
1790037142,3130640,3949,0
1790037205,3132528,3959,0
1790037269,3132528,3969,0
1790037332,3132528,3979,0
1790037397,3132528,3989,0
1790037462,3132528,3999,0
1790037525,3132528,4009,0
1790037587,3132528,4019,0
1790037650,3132528,4029,0
1790037714,3132528,4039,0
1790037777,3132528,4049,0
1790037841,3132528,4059,0
1790037904,3132528,4069,0
1790037966,3132528,4079,0
1790038029,3132528,4089,0
1790038092,3132528,4099,0
1790038154,3132448,4109,0
1790038217,3132448,4119,0
1790038281,3132416,4129,0
1790038343,3132416,4139,0
1790038407,3132416,4149,0
1790038470,3132416,4159,0
1790038532,3132416,4169,0
1790038595,3132416,4179,0
1790038659,3132416,4189,0
1790038722,3132416,4199,0
1790038784,3132416,4209,0
1790038846,3132416,4219,0
1790038908,3132416,4229,0
1790038970,3132416,4239,0
1790039032,3132416,4249,0
1790039095,3132416,4259,0
1790039157,3132416,4269,0
1790039219,3132416,4279,0
1790039281,3132416,4289,0
1790039344,3132416,4299,0
1790039406,3132416,4309,0
1790039451,3132416,4316,0
